City_ID,City,Country,Date,Lat,Lng,Max Temp,Humidity,Cloudiness,Wind Speed
0,Phan Thiet,VN,2021-07-29 21:52:35,10.9333,108.1,78.39,85,100,11.5
1,Fare,PF,2021-07-29 21:52:35,-16.7,-151.0167,78.04,75,53,8.21
2,Atuona,PF,2021-07-29 21:52:36,-9.8,-139.0333,77.27,78,17,13.96
3,Albany,US,2021-07-29 21:52:36,42.6001,-73.9662,71.31,85,100,5.61
4,Bontang,ID,2021-07-29 21:52:36,0.1333,117.5,76.51,92,78,5.95
5,Rikitea,PF,2021-07-29 21:50:09,-23.1203,-134.9692,71.85,77,35,7.94
6,Singaraja,ID,2021-07-29 21:52:37,-8.112,115.0882,77.0,79,94,4.52
7,Kenora,CA,2021-07-29 21:52:37,49.8167,-94.4337,74.59,28,20,9.22
8,Hokitika,NZ,2021-07-29 21:52:37,-42.7167,170.9667,54.03,79,95,6.87
9,Farah,AF,2021-07-29 21:52:37,32.5,62.5,84.81,12,0,6.62
10,Mataura,NZ,2021-07-29 21:52:31,-46.1927,168.8643,42.48,84,97,3.71
11,Gilgit,PK,2021-07-29 21:52:38,35.9221,74.3087,79.93,66,78,2.59
12,Teahupoo,PF,2021-07-29 21:52:38,-17.8333,-149.2667,75.16,79,47,5.75
13,Abonnema,NG,2021-07-29 21:52:39,4.7084,6.7931,76.39,77,67,5.95
14,Richards Bay,ZA,2021-07-29 21:52:39,-28.783,32.0377,64.69,69,23,9.35
15,Khatanga,RU,2021-07-29 21:52:39,71.9667,102.5,69.19,64,1,11.18
16,Puerto Ayora,EC,2021-07-29 21:52:06,-0.7393,-90.3518,76.96,79,48,9.75
17,Luis Correia,BR,2021-07-29 21:52:39,-2.8792,-41.6669,78.28,87,51,8.81
18,Namibe,AO,2021-07-29 21:52:40,-15.1961,12.1522,64.72,83,22,1.74
19,Cabo San Lucas,MX,2021-07-29 21:49:20,22.8909,-109.9124,93.61,67,23,5.01
20,Ushuaia,AR,2021-07-29 21:52:14,-54.8,-68.3,44.26,42,20,18.41
21,Sioux Lookout,CA,2021-07-29 21:52:40,50.1001,-91.917,68.38,37,20,9.22
22,Bredasdorp,ZA,2021-07-29 21:52:41,-34.5322,20.0403,51.12,82,3,6.91
23,Saint-Philippe,RE,2021-07-29 21:52:41,-21.3585,55.7679,69.39,84,90,17.22
24,Coquimbo,CL,2021-07-29 21:52:41,-29.9533,-71.3436,53.33,82,40,12.66
25,Port Elizabeth,ZA,2021-07-29 21:52:42,-33.918,25.5701,52.11,93,40,6.91
26,Vestmannaeyjar,IS,2021-07-29 21:52:28,63.4427,-20.2734,56.75,87,96,8.05
27,Port Alfred,ZA,2021-07-29 21:52:01,-33.5906,26.891,56.73,84,1,10.25
28,Bengkulu,ID,2021-07-29 21:52:42,-3.8004,102.2655,74.39,91,32,4.72
29,Hong Gai,VN,2021-07-29 21:52:42,20.956,107.0946,82.31,88,100,2.48
30,Vaini,TO,2021-07-29 21:52:43,-21.2,-175.2,75.36,78,20,9.22
31,Airai,TL,2021-07-29 21:52:25,-8.9266,125.4092,56.98,54,49,2.91
32,Nalut,LY,2021-07-29 21:52:43,30.3333,10.85,84.92,19,0,11.5
33,Ostrovnoy,RU,2021-07-29 21:51:55,68.0531,39.5131,41.74,89,41,5.55
34,Olafsvik,IS,2021-07-29 21:52:44,64.8945,-23.7142,53.53,87,89,7.07
35,Belaya Gora,RU,2021-07-29 21:52:44,68.5333,146.4167,49.93,54,100,4.7
36,Yellowknife,CA,2021-07-29 21:52:44,62.456,-114.3525,68.56,52,75,12.66
37,Hoopstad,ZA,2021-07-29 21:52:45,-27.8327,25.9083,43.83,29,0,6.49
38,Carbonia,IT,2021-07-29 21:52:45,39.1672,8.5222,79.75,59,0,4.63
39,Palmer,US,2021-07-29 21:52:45,42.1584,-72.3287,70.68,83,90,6.91
40,Faanui,PF,2021-07-29 21:52:45,-16.4833,-151.75,78.51,75,77,12.59
41,Hilo,US,2021-07-29 21:52:46,19.7297,-155.09,82.13,76,90,4.61
42,Henties Bay,NA,2021-07-29 21:52:46,-22.116,14.2845,55.85,79,0,4.63
43,Seoul,KR,2021-07-29 21:50:56,37.5683,126.9778,78.24,86,75,1.14
44,Litovko,RU,2021-07-29 21:52:46,49.2361,135.1742,75.72,69,100,6.15
45,Bambous Virieux,MU,2021-07-29 21:52:34,-20.3428,57.7575,68.25,83,75,11.5
46,Arraial Do Cabo,BR,2021-07-29 21:52:47,-22.9661,-42.0278,69.76,51,75,19.57
47,Kaitangata,NZ,2021-07-29 21:52:47,-46.2817,169.8464,49.93,82,84,6.15
48,Punta Arenas,CL,2021-07-29 21:52:47,-53.15,-70.9167,41.11,75,0,14.97
49,Celestun,MX,2021-07-29 21:52:48,20.8667,-90.4,82.65,77,54,16.31
50,Norsup,VU,2021-07-29 21:52:48,-16.0667,167.3833,79.86,77,35,1.16
51,Severo-Kurilsk,RU,2021-07-29 21:52:48,50.6789,156.125,60.06,96,91,3.98
52,Thinadhoo,MV,2021-07-29 21:52:49,0.5333,72.9333,81.57,71,100,3.15
53,Nivala,FI,2021-07-29 21:52:49,63.9167,24.9667,60.69,98,15,3.69
54,Crib Point,AU,2021-07-29 21:52:49,-38.35,145.2,51.42,68,0,24.94
55,Bluff,NZ,2021-07-29 21:52:50,-46.6,168.3333,42.8,76,93,6.8
56,Bethel,US,2021-07-29 21:51:47,41.3712,-73.414,73.49,88,90,1.01
57,Busselton,AU,2021-07-29 21:50:07,-33.65,115.3333,49.08,72,100,27.18
58,Verkhnyaya Inta,RU,2021-07-29 21:52:50,65.9811,60.3094,45.54,87,81,4.81
59,Whitecourt,CA,2021-07-29 21:52:50,54.1502,-115.6855,81.64,39,20,3.44
60,Hobart,AU,2021-07-29 21:48:44,-42.8794,147.3294,48.25,79,75,1.01
61,Vao,NC,2021-07-29 21:52:51,-22.6667,167.4833,71.55,63,83,9.6
62,Senanga,ZM,2021-07-29 21:52:51,-16.1167,23.2667,55.08,38,78,6.62
63,Kruisfontein,ZA,2021-07-29 21:52:51,-34.0033,24.7314,49.89,88,1,6.44
64,Mahebourg,MU,2021-07-29 21:52:52,-20.4081,57.7,68.29,83,75,11.5
65,Pevek,RU,2021-07-29 21:52:36,69.7008,170.3133,31.98,98,100,25.08
66,Geraldton,AU,2021-07-29 21:52:52,-28.7667,114.6,64.13,88,75,21.85
67,Waldkirchen,DE,2021-07-29 21:52:52,48.7327,13.6008,64.47,82,2,1.99
68,Ilulissat,GL,2021-07-29 21:52:53,69.2167,-51.1,45.52,76,58,4.63
69,Saldanha,ZA,2021-07-29 21:52:53,-33.0117,17.9442,46.45,87,0,6.53
70,Santa Maria Del Oro,MX,2021-07-29 21:52:53,25.9333,-105.3667,79.72,34,83,12.88
71,Baijiantan,CN,2021-07-29 21:52:54,45.6333,85.1833,82.67,21,89,7.45
72,Inongo,CD,2021-07-29 21:52:54,-1.95,18.2667,73.08,38,31,3.78
73,Georgetown,MY,2021-07-29 21:52:06,5.4112,100.3354,78.73,90,20,14.0
74,Cherskiy,RU,2021-07-29 21:52:53,68.75,161.3,36.12,69,99,20.2
75,Luderitz,NA,2021-07-29 21:52:54,-26.6481,15.1594,62.42,40,0,9.42
76,Rio Tercero,AR,2021-07-29 21:52:55,-32.173,-64.1141,42.48,29,0,7.11
77,Kindu,CD,2021-07-29 21:52:55,-2.95,25.95,71.85,66,22,1.63
78,Hamilton,US,2021-07-29 21:52:55,39.1834,-84.5333,88.99,71,40,3.0
79,Kapaa,US,2021-07-29 21:52:56,22.0752,-159.319,84.52,68,40,5.01
80,San Marcos,US,2021-07-29 21:52:49,33.1434,-117.1661,101.84,60,40,3.0
81,Rock Springs,US,2021-07-29 21:52:56,41.5875,-109.2029,85.23,31,1,1.99
82,Green River,US,2021-07-29 21:52:56,41.5286,-109.4662,86.18,39,35,1.99
83,Barrow,US,2021-07-29 21:52:36,71.2906,-156.7887,51.82,87,90,4.61
84,Humaita,BR,2021-07-29 21:52:57,-7.5061,-63.0208,79.75,42,1,3.58
85,Falun,SE,2021-07-29 21:52:57,60.6036,15.626,57.61,92,90,3.94
86,Beloha,MG,2021-07-29 21:52:58,-25.1667,45.05,68.23,68,34,9.64
87,Nikolskoye,RU,2021-07-29 21:52:32,59.7035,30.7861,65.39,89,14,4.21
88,Hanna,CA,2021-07-29 21:52:58,51.6334,-111.9018,92.71,27,32,4.0
89,Lebu,CL,2021-07-29 21:52:58,-37.6167,-73.65,50.54,81,1,6.17
90,Beaupre,CA,2021-07-29 21:52:59,47.0443,-70.8953,66.06,68,100,4.61
91,Opuwo,NA,2021-07-29 21:52:59,-18.0607,13.84,59.29,26,8,8.63
92,Ploemeur,FR,2021-07-29 21:52:59,47.7333,-3.4333,65.82,86,90,11.5
93,Brookings,US,2021-07-29 21:53:00,44.3114,-96.7984,81.01,47,90,11.5
94,Evensk,RU,2021-07-29 21:53:00,61.95,159.2333,48.06,67,100,10.49
95,Butaritari,KI,2021-07-29 21:52:18,3.0707,172.7902,83.25,73,16,11.12
96,Birao,CF,2021-07-29 21:53:00,10.2849,22.7882,73.78,90,88,4.9
97,Ormara,PK,2021-07-29 21:53:01,25.2088,64.6357,81.82,84,100,13.44
98,Touros,BR,2021-07-29 21:53:01,-5.1989,-35.4608,79.7,79,100,15.03
99,Soe,ID,2021-07-29 21:53:01,-9.8607,124.284,61.21,80,2,3.42
100,Kununurra,AU,2021-07-29 21:53:01,-15.7667,128.7333,62.58,88,4,0.0
101,Jamestown,US,2021-07-29 21:48:43,42.097,-79.2353,78.44,69,20,12.66
102,Andenes,NO,2021-07-29 21:53:02,69.3143,16.1194,49.98,93,79,24.16
103,Hithadhoo,MV,2021-07-29 21:53:02,-0.6,73.0833,82.35,71,100,5.23
104,Alofi,NU,2021-07-29 21:53:02,-19.0595,-169.9187,76.89,73,40,14.97
105,Kavieng,PG,2021-07-29 21:53:03,-2.5744,150.7967,83.14,74,32,6.82
106,Iqaluit,CA,2021-07-29 21:52:17,63.7506,-68.5145,51.53,71,40,9.22
107,Dunedin,NZ,2021-07-29 21:53:03,-45.8742,170.5036,44.8,87,84,15.01
108,Asau,RO,2021-07-29 21:53:04,46.4333,26.4,69.76,82,0,3.58
109,Rach Gia,VN,2021-07-29 21:53:04,10.0167,105.0833,78.75,80,100,18.57
110,Katherine,AU,2021-07-29 21:53:04,-14.4667,132.2667,61.12,77,4,3.44
111,Hermanus,ZA,2021-07-29 21:51:52,-34.4187,19.2345,54.9,83,12,6.13
112,Cidreira,BR,2021-07-29 21:53:05,-30.1811,-50.2056,47.21,65,6,9.82
113,Jega,NG,2021-07-29 21:53:05,12.2175,4.3792,78.1,80,87,7.54
114,Cape Town,ZA,2021-07-29 21:53:05,-33.9258,18.4232,55.11,91,20,6.91
115,Hasaki,JP,2021-07-29 21:53:05,35.7333,140.8333,77.4,86,50,7.16
116,Thompson,CA,2021-07-29 21:52:16,55.7435,-97.8558,73.56,33,40,3.44
117,Yerbogachen,RU,2021-07-29 21:53:06,61.2767,108.0108,57.58,60,3,6.58
118,New Norfolk,AU,2021-07-29 21:53:06,-42.7826,147.0587,46.92,80,100,3.78
119,Atar,MR,2021-07-29 21:53:06,20.5169,-13.0499,91.76,30,100,8.57
120,Moissac,FR,2021-07-29 21:53:07,44.1024,1.0945,76.15,82,92,2.1
121,Lufilufi,WS,2021-07-29 21:53:07,-13.8745,-171.5986,85.78,75,32,18.7
122,Verkhoyansk,RU,2021-07-29 21:53:07,67.5447,133.385,58.06,45,42,1.54
123,Back Mountain,US,2021-07-29 21:53:08,41.3359,-75.9963,73.53,94,100,6.15
124,Lata,PT,2021-07-29 21:53:08,40.1629,-8.3327,63.05,97,0,2.46
125,Tura,IN,2021-07-29 21:53:08,25.5198,90.2201,74.64,92,100,7.23
126,Tigil,RU,2021-07-29 21:53:08,57.8,158.6667,49.89,80,96,5.73
127,Dikson,RU,2021-07-29 21:53:09,73.5069,80.5464,44.47,79,100,13.22
128,Den Helder,NL,2021-07-29 21:51:23,52.9599,4.7593,64.38,83,68,15.01
129,Castro,BR,2021-07-29 21:50:42,-24.7911,-50.0119,36.43,60,4,2.01
130,Petropavlovsk-Kamchatskiy,RU,2021-07-29 21:53:09,53.0452,158.6483,61.39,100,75,4.47
131,Chokurdakh,RU,2021-07-29 21:53:10,70.6333,147.9167,43.2,56,94,6.67
132,San Alberto,CO,2021-07-29 21:53:10,7.7611,-73.3922,86.63,74,88,2.3
133,Yar-Sale,RU,2021-07-29 21:53:10,66.8333,70.8333,47.57,98,97,12.28
134,Tuktoyaktuk,CA,2021-07-29 21:52:19,69.4541,-133.0374,60.8,88,90,11.5
135,Barahona,DO,2021-07-29 21:53:11,18.2085,-71.1008,87.62,74,40,16.11
136,Kirakira,SB,2021-07-29 21:53:11,-10.4544,161.9205,82.26,76,5,6.33
137,Lompoc,US,2021-07-29 21:53:11,34.6391,-120.4579,94.01,68,75,14.97
138,Comodoro Rivadavia,AR,2021-07-29 21:52:13,-45.8667,-67.5,64.26,20,0,6.91
139,San Patricio,US,2021-07-29 21:53:12,28.017,-97.5169,95.72,46,59,14.83
140,Hambantota,LK,2021-07-29 21:53:12,6.1241,81.1185,77.34,94,20,4.61
141,Nemuro,JP,2021-07-29 21:53:12,43.3236,145.575,66.4,99,91,9.6
142,Emirdag,TR,2021-07-29 21:53:12,39.0197,31.15,68.02,43,0,4.23
143,Antigonish,CA,2021-07-29 21:53:13,45.6169,-61.9986,74.14,53,25,3.0
144,Ust-Omchug,RU,2021-07-29 21:53:13,61.15,149.6333,42.21,65,23,10.65
145,Piterka,RU,2021-07-29 21:53:13,50.6803,47.4454,73.62,46,68,5.5
146,Paamiut,GL,2021-07-29 21:53:14,61.994,-49.6678,45.84,83,76,2.24
147,Victoria,HK,2021-07-29 21:50:02,22.2855,114.1577,84.18,90,99,3.71
148,Kamenka,RU,2021-07-29 21:53:14,51.3223,42.7678,69.62,70,33,7.56
149,Sitka,US,2021-07-29 21:52:05,57.0531,-135.33,66.09,68,20,8.05
150,Kodiak,US,2021-07-29 21:52:12,57.79,-152.4072,58.51,63,90,5.75
151,Bahia Blanca,AR,2021-07-29 21:50:09,-38.7196,-62.2724,54.09,37,0,11.54
152,Udachnyy,RU,2021-07-29 21:53:14,66.4167,112.4,68.63,47,17,4.65
153,Ponta Do Sol,PT,2021-07-29 21:53:15,32.6667,-17.1,73.0,75,18,6.87
154,Panzhihua,CN,2021-07-29 21:53:15,26.5851,101.7128,71.15,90,98,0.45
155,Qaanaaq,GL,2021-07-29 21:52:42,77.484,-69.3632,39.43,91,99,7.4
156,Divnogorsk,RU,2021-07-29 21:53:16,55.9594,92.3619,46.89,64,93,2.06
157,Anadyr,RU,2021-07-29 21:53:16,64.75,177.4833,39.7,86,75,20.0
158,Grand-Santi,GF,2021-07-29 21:53:16,4.25,-54.3833,73.74,96,41,1.1
159,Mandalgovi,MN,2021-07-29 21:53:16,45.7625,106.2708,59.14,67,7,9.84
160,Waingapu,ID,2021-07-29 21:53:17,-9.6567,120.2641,73.92,82,91,8.77
161,Fortuna,US,2021-07-29 21:53:17,40.5982,-124.1573,104.47,73,20,12.66
162,Amur,RU,2021-07-29 21:53:17,54.0,128.0,54.43,98,100,5.28
163,Jumla,NP,2021-07-29 21:53:18,29.2747,82.1838,63.77,96,98,2.17
164,Trinidad,BO,2021-07-29 21:53:18,-14.8333,-64.9,69.78,32,75,13.8
165,Saskylakh,RU,2021-07-29 21:53:18,71.9167,114.0833,73.94,48,10,3.56
166,Bafata,GW,2021-07-29 21:53:18,12.1667,-14.75,73.65,95,97,5.35
167,Oussouye,SN,2021-07-29 21:53:19,12.485,-16.5469,82.49,82,100,8.08
168,Banda Aceh,ID,2021-07-29 21:53:03,5.5577,95.3222,81.3,75,100,13.6
169,Port Jervis,US,2021-07-29 21:52:40,41.3751,-74.6927,73.33,98,100,5.39
170,Souillac,MU,2021-07-29 21:53:19,-20.5167,57.5167,68.38,83,75,11.5
171,Coihaique,CL,2021-07-29 21:53:20,-45.5752,-72.0662,51.75,50,90,14.97
172,High Level,CA,2021-07-29 21:53:20,58.5169,-117.136,78.91,34,40,12.66
173,Aitape,PG,2021-07-29 21:53:20,-3.1374,142.3475,78.6,86,51,3.76
174,Derzhavinsk,KZ,2021-07-29 21:53:21,51.1,66.3167,56.53,54,1,4.12
175,Mamallapuram,IN,2021-07-29 21:53:21,12.6264,80.1722,87.85,57,100,15.9
176,Kyren,RU,2021-07-29 21:53:21,51.6828,102.1408,54.48,99,100,1.86
177,Sorland,NO,2021-07-29 21:53:21,67.667,12.6934,50.13,86,1,30.47
178,Buraydah,SA,2021-07-29 21:53:22,26.326,43.975,93.65,15,99,7.14
179,Tasiilaq,GL,2021-07-29 21:52:25,65.6145,-37.6368,45.27,69,68,2.57
180,Fortuna Foothills,US,2021-07-29 21:53:22,32.6578,-114.4119,111.29,20,20,9.22
181,Ende,ID,2021-07-29 21:53:22,-8.8432,121.6623,74.8,88,86,4.32
182,San Vicente,AR,2021-07-29 21:53:23,-26.6167,-54.1333,36.91,63,0,3.2
183,Laguna,US,2021-07-29 21:53:23,38.421,-121.4238,108.14,28,1,4.0
184,Shimoda,JP,2021-07-29 21:53:23,34.6667,138.95,84.11,74,35,1.39
185,Chuy,UY,2021-07-29 21:53:24,-33.6971,-53.4616,44.58,76,82,5.88
186,Vitim,RU,2021-07-29 21:53:24,59.4511,112.5578,58.86,56,3,5.41
187,Alta Floresta,BR,2021-07-29 21:53:24,-9.8756,-56.0861,74.86,37,1,4.27
188,Karaman,TR,2021-07-29 21:53:24,37.0833,33.25,62.83,35,0,8.19
189,Saint-Pierre,RE,2021-07-29 21:53:25,-21.3393,55.4781,69.48,76,75,21.85
190,La Ronge,CA,2021-07-29 21:53:25,55.1001,-105.2842,80.82,31,75,4.61
191,Hirara,JP,2021-07-29 21:53:25,24.8,125.2833,80.87,100,20,4.61
192,Rio Claro,BR,2021-07-29 21:53:26,-22.4114,-47.5614,57.02,33,30,3.38
193,Savannah Bight,HN,2021-07-29 21:53:26,16.45,-85.85,87.85,77,97,17.87
194,Roanoke Rapids,US,2021-07-29 21:51:39,36.4615,-77.6542,93.2,79,40,9.22
195,Aljezur,PT,2021-07-29 21:53:26,37.3191,-8.8033,62.31,88,0,12.15
196,Kovdor,RU,2021-07-29 21:53:27,67.5662,30.4758,48.74,85,100,3.0
197,Esperance,AU,2021-07-29 21:53:03,-33.8667,121.9,53.44,77,100,22.28
198,Salalah,OM,2021-07-29 21:53:27,17.0151,54.0924,76.96,94,71,10.87
199,Longyearbyen,SJ,2021-07-29 21:53:27,78.2186,15.6401,44.44,70,75,6.91
200,Basoko,CD,2021-07-29 21:53:28,1.2391,23.616,73.4,74,20,2.37
201,Staryy Nadym,RU,2021-07-29 21:53:28,65.6118,72.6842,51.4,94,96,13.71
202,Lorengau,PG,2021-07-29 21:53:28,-2.0226,147.2712,82.29,77,11,2.95
203,Sao Felix Do Xingu,BR,2021-07-29 21:53:28,-6.6447,-51.995,82.22,37,9,3.18
204,Wloszczowa,PL,2021-07-29 21:53:29,50.8526,19.9659,66.65,62,5,6.22
205,Suntar,RU,2021-07-29 21:53:29,62.1444,117.6319,58.69,56,27,3.51
206,Saposoa,PE,2021-07-29 21:53:29,-6.934,-76.7716,72.21,94,93,1.23
207,Wagar,SD,2021-07-29 21:53:30,16.1525,36.2032,85.05,63,15,14.05
208,West Plains,US,2021-07-29 21:51:21,36.7281,-91.8524,95.83,57,20,1.01
209,Kieta,PG,2021-07-29 21:53:30,-6.2167,155.6333,81.75,78,16,4.32
210,Nanakuli,US,2021-07-29 21:53:30,21.3906,-158.1547,87.75,63,75,12.66
211,Viedma,AR,2021-07-29 21:50:26,-40.8135,-62.9967,55.38,31,0,10.89
212,Antequera,ES,2021-07-29 21:50:13,37.0194,-4.5612,71.46,66,0,4.23
213,Shakhovskaya,RU,2021-07-29 21:53:31,56.0283,35.5097,62.28,91,83,2.04
214,Upernavik,GL,2021-07-29 21:53:04,72.7868,-56.1549,44.4,91,100,5.7
215,Belyy Yar,RU,2021-07-29 21:53:31,53.6039,91.3903,49.89,100,0,0.0
216,Pokhara,NP,2021-07-29 21:53:32,28.2333,83.9833,72.75,86,94,1.01
217,Matamoros,MX,2021-07-29 21:53:32,25.5333,-103.25,87.12,31,15,11.95
218,Veraval,IN,2021-07-29 21:53:19,20.9,70.3667,81.66,85,100,22.86
219,Barsovo,RU,2021-07-29 21:53:32,61.1667,73.1667,50.13,95,100,6.89
220,Inta,RU,2021-07-29 21:53:33,66.0317,60.1659,45.95,87,78,5.48
221,Eseka,CM,2021-07-29 21:53:33,3.65,10.7667,69.76,99,81,1.41
222,Columbus,US,2021-07-29 21:53:25,39.9612,-82.9988,84.11,91,90,1.01
223,Ceatalchioi,RO,2021-07-29 21:53:33,45.2886,28.7937,75.78,72,49,4.41
224,Belmonte,BR,2021-07-29 21:53:34,-15.8631,-38.8828,75.7,89,9,5.88
225,Ponta Delgada,PT,2021-07-29 21:53:34,37.7333,-25.6667,72.32,83,75,6.91
226,Mackay,AU,2021-07-29 21:53:34,-21.15,149.2,66.18,94,90,10.36
227,Tezu,IN,2021-07-29 21:53:35,27.9167,96.1667,75.88,99,100,1.32
228,Kuching,MY,2021-07-29 21:53:35,1.55,110.3333,73.62,100,40,3.44
229,Kavaratti,IN,2021-07-29 21:52:48,10.5669,72.642,82.17,77,100,15.9
230,Yarim,YE,2021-07-29 21:53:35,14.298,44.3779,60.53,74,75,1.19
231,Belle Fourche,US,2021-07-29 21:53:36,44.6714,-103.8522,85.89,16,83,20.78
232,San Andres,CO,2021-07-29 21:53:21,12.5847,-81.7006,84.22,74,20,14.97
233,Korla,CN,2021-07-29 21:52:47,41.7597,86.1469,88.97,22,35,19.71
234,Ahuimanu,US,2021-07-29 21:53:36,21.4447,-157.8378,87.51,75,75,9.22
235,Hatillo,PR,2021-07-29 21:53:37,18.4863,-66.8254,88.48,71,42,6.62
236,Komsomolskiy,UZ,2021-07-29 21:53:37,40.4272,71.7189,86.72,16,85,11.5
237,Harer,ET,2021-07-29 21:53:37,9.3094,42.1258,61.43,72,99,9.55
238,Bambanglipuro,ID,2021-07-29 21:53:38,-7.95,110.2833,74.55,91,93,3.65
239,Vadso,NO,2021-07-29 21:53:38,70.0744,29.7487,47.28,93,75,6.91
240,Inhambane,MZ,2021-07-29 21:53:38,-23.865,35.3833,65.7,71,1,4.18
241,Namanyere,TZ,2021-07-29 21:53:39,-7.5167,31.05,60.39,47,3,6.35
242,Lasa,IT,2021-07-29 21:53:39,46.6166,10.7002,68.88,92,6,2.57
243,Guerrero Negro,MX,2021-07-29 21:50:41,27.9769,-114.0611,79.3,62,8,17.31
244,Necochea,AR,2021-07-29 21:50:47,-38.5473,-58.7368,49.03,61,0,3.98
245,Dingle,PH,2021-07-29 21:53:40,10.9995,122.6711,77.11,89,96,6.73
246,Ozinki,RU,2021-07-29 21:53:40,51.1786,49.6769,74.98,42,83,5.88
247,Valdivia,CL,2021-07-29 21:49:43,-39.8142,-73.2459,51.89,93,3,1.77
248,Hofn,IS,2021-07-29 21:53:40,64.2539,-15.2082,54.73,86,73,8.01
249,Gumdag,TM,2021-07-29 21:53:41,39.2061,54.5906,80.83,53,39,9.95
250,Guaratuba,BR,2021-07-29 21:53:41,-25.8828,-48.5747,53.55,56,0,2.51
251,Vostok,RU,2021-07-29 21:53:41,46.4856,135.8833,70.25,94,96,1.81
252,Nizwa,OM,2021-07-29 21:53:42,22.9333,57.5333,93.94,35,98,5.59
253,Boa Vista,BR,2021-07-29 21:53:42,2.8197,-60.6733,82.38,65,20,11.5
254,Makakilo City,US,2021-07-29 21:53:42,21.3469,-158.0858,86.32,64,75,12.66
255,Buin,CL,2021-07-29 21:53:42,-33.7333,-70.75,75.52,32,0,1.61
256,Fergus Falls,US,2021-07-29 21:50:51,46.283,-96.0776,83.07,36,1,6.91
257,Axim,GH,2021-07-29 21:53:43,4.8699,-2.2405,76.41,86,14,6.51
258,Ojinaga,MX,2021-07-29 21:53:43,29.5667,-104.4167,89.56,30,40,18.41
259,Cockburn Town,TC,2021-07-29 21:53:44,21.4612,-71.1419,84.16,65,40,13.8
260,Samarai,PG,2021-07-29 21:53:18,-10.6167,150.6667,79.68,84,42,10.71
261,Angoram,PG,2021-07-29 21:53:44,-4.0625,144.0661,75.58,97,70,2.44
262,Lodwar,KE,2021-07-29 21:53:44,3.1191,35.5973,85.53,36,91,9.42
263,Qiongshan,CN,2021-07-29 21:53:45,20.0058,110.3542,80.58,94,0,2.24
264,Narok,KE,2021-07-29 21:53:45,-1.0783,35.8601,56.79,79,87,4.25
265,Constitucion,CL,2021-07-29 21:53:45,-35.3333,-72.4167,52.5,76,0,2.53
266,Mar Del Plata,AR,2021-07-29 21:53:46,-38.0023,-57.5575,55.42,62,0,3.44
267,Colares,PT,2021-07-29 21:53:46,38.7992,-9.4469,66.29,74,0,15.99
268,Labuhan,ID,2021-07-29 21:53:46,-6.8844,112.2051,75.09,88,95,6.58
269,Tete,MZ,2021-07-29 21:53:46,-16.1564,33.5867,64.49,51,75,5.01
270,Eyl,SO,2021-07-29 21:53:47,7.9803,49.8164,77.74,71,90,24.58
271,Longhua,CN,2021-07-29 21:53:47,23.6137,114.1919,78.24,97,91,1.41
272,Gazojak,TM,2021-07-29 21:53:47,41.1875,61.4036,76.46,22,0,11.01
273,Kuliyapitiya,LK,2021-07-29 21:53:48,7.4688,80.0401,82.08,91,96,6.58
274,Wanning,CN,2021-07-29 21:52:44,18.8003,110.3967,80.19,87,99,9.31
275,Ust-Tsilma,RU,2021-07-29 21:53:48,65.441,52.1498,47.3,89,100,3.36
276,Mugur-Aksy,RU,2021-07-29 21:53:48,50.35,90.5,48.49,78,100,2.3
277,Acajutla,SV,2021-07-29 21:53:49,13.5928,-89.8275,88.81,71,82,3.85
278,Katsuura,JP,2021-07-29 21:53:01,35.1333,140.3,83.1,85,47,6.11
279,Vila Velha,BR,2021-07-29 21:53:15,-20.3297,-40.2925,67.95,68,75,14.97
280,Margate,GB,2021-07-29 21:53:49,51.3813,1.3862,61.7,74,40,1.99
281,Kholodnyy,RU,2021-07-29 21:53:50,62.7167,147.95,43.2,59,24,3.42
282,Port Blair,IN,2021-07-29 21:53:50,11.6667,92.75,81.91,85,100,17.45
283,Gat,IL,2021-07-29 21:53:50,31.61,34.7642,81.39,75,0,4.23
284,Pakdasht,IR,2021-07-29 21:53:50,35.4752,51.6807,80.6,37,53,7.94
285,Tazovskiy,RU,2021-07-29 21:53:51,67.4667,78.7,50.29,94,6,13.98
286,Dymer,UA,2021-07-29 21:53:51,50.7865,30.3026,74.84,91,1,9.01
287,Cayenne,GF,2021-07-29 21:53:51,4.9333,-52.3333,83.08,78,75,1.01
288,Merauke,ID,2021-07-29 21:53:52,-8.4667,140.3333,76.41,92,54,10.54
289,Half Moon Bay,US,2021-07-29 21:53:52,37.4636,-122.4286,98.92,62,75,1.01
290,Kisangani,CD,2021-07-29 21:50:59,0.5167,25.2,71.46,76,37,1.07
291,Yatou,CN,2021-07-29 21:53:52,37.15,122.3833,77.05,88,59,18.9
292,Podgornoye,RU,2021-07-29 21:53:53,51.735,39.1496,70.02,73,0,2.24
293,Price,US,2021-07-29 21:53:53,39.5994,-110.8107,88.12,32,14,5.75
294,Marhaura,IN,2021-07-29 21:53:53,25.9667,84.8667,76.93,87,99,8.9
295,Kuntaur,GM,2021-07-29 21:53:54,13.6667,-14.8833,77.95,87,98,8.61
296,Sedalia,US,2021-07-29 21:53:54,38.7045,-93.2283,96.51,58,37,3.0
297,Lavrentiya,RU,2021-07-29 21:53:54,65.5833,-171.0,47.1,79,77,12.19
298,Umm Kaddadah,SD,2021-07-29 21:53:54,13.6017,26.6876,89.94,42,75,10.31
299,Sistranda,NO,2021-07-29 21:53:55,63.7256,8.834,57.9,86,55,15.17
300,Palafrugell,ES,2021-07-29 21:49:14,41.9174,3.1631,77.47,64,0,3.0
301,Ewa Beach,US,2021-07-29 21:53:55,21.3156,-158.0072,87.75,64,75,12.66
302,Mogadishu,SO,2021-07-29 21:53:05,2.0371,45.3438,76.03,80,61,20.11
303,Avarua,CK,2021-07-29 21:52:41,-21.2078,-159.775,77.05,61,40,3.44
304,Ciudad Del Maiz,MX,2021-07-29 21:53:56,22.4,-99.6,83.73,51,100,12.01
305,Los Llanos De Aridane,ES,2021-07-29 21:53:56,28.6585,-17.9182,69.55,92,75,16.11
306,Englehart,CA,2021-07-29 21:53:56,47.8169,-79.8664,68.02,88,90,14.97
307,Tiksi,RU,2021-07-29 21:53:57,71.6872,128.8694,50.61,59,84,3.0
308,Bud,US,2021-07-29 21:53:57,39.447,-86.1758,87.67,77,77,13.0
309,Along,IN,2021-07-29 21:53:57,28.1667,94.7667,74.59,100,100,0.63
310,San Antonio,US,2021-07-29 21:50:35,29.4241,-98.4936,97.25,55,40,5.75
311,Vardo,NO,2021-07-29 21:53:57,70.3705,31.1107,41.2,86,100,2.86
312,Noumea,NC,2021-07-29 21:53:58,-22.2763,166.4572,70.0,99,71,7.45
313,Tomatlan,MX,2021-07-29 21:53:58,19.9333,-105.25,88.93,58,21,6.73
314,Lithgow,AU,2021-07-29 21:53:58,-33.4833,150.15,28.83,52,1,3.02
315,Poum,NC,2021-07-29 21:53:26,-20.2333,164.0167,72.99,64,3,3.22
316,Ankazobe,MG,2021-07-29 21:53:59,-18.3167,47.1167,54.01,82,95,14.18
317,Broome,US,2021-07-29 21:53:50,42.2506,-75.833,72.18,87,90,4.0
318,Pangkalanbuun,ID,2021-07-29 21:53:59,-2.6833,111.6167,73.45,98,43,2.3
319,Nanortalik,GL,2021-07-29 21:54:00,60.1432,-45.2371,47.89,79,91,14.27
320,Lagoa,PT,2021-07-29 21:53:58,39.05,-27.9833,70.41,88,6,10.2
321,Chapleau,CA,2021-07-29 21:54:00,47.8405,-83.4034,62.69,82,75,11.5
322,Lundazi,ZM,2021-07-29 21:54:00,-12.2929,33.1782,55.4,59,1,5.93
323,Antofagasta,CL,2021-07-29 21:54:01,-23.65,-70.4,63.21,64,13,9.15
324,Angoche,MZ,2021-07-29 21:54:01,-16.2325,39.9086,70.25,67,1,8.19
325,Berlevag,NO,2021-07-29 21:52:29,70.8578,29.0864,44.13,88,100,5.17
326,Shache,CN,2021-07-29 21:54:01,38.4167,77.2406,84.22,25,66,26.22
327,Mudanya,TR,2021-07-29 21:54:02,40.3753,28.8822,82.49,47,0,5.93
328,Oranjemund,NA,2021-07-29 21:54:02,-28.55,16.4333,54.86,72,0,9.35
329,Mildura,AU,2021-07-29 21:54:02,-34.2,142.15,46.08,70,90,10.36
330,Lazurne,UA,2021-07-29 21:54:03,46.084,32.5295,77.02,81,11,11.23
331,Tuatapere,NZ,2021-07-29 21:53:53,-46.1333,167.6833,42.82,81,100,4.47
332,Port Hardy,CA,2021-07-29 21:54:03,50.6996,-127.4199,64.58,88,20,5.75
333,Bandarbeyla,SO,2021-07-29 21:52:37,9.4942,50.8122,77.0,79,100,31.7
334,Tororo,UG,2021-07-29 21:54:03,0.693,34.1809,67.44,76,100,3.33
335,Fort Smith,US,2021-07-29 21:54:04,35.3859,-94.3986,101.37,50,36,1.99
336,Kampene,CD,2021-07-29 21:54:04,-3.6,26.6667,73.18,60,72,0.96
337,Port Lincoln,AU,2021-07-29 21:54:04,-34.7333,135.8667,56.52,58,34,19.08
338,Bocicoiu Mare,RO,2021-07-29 21:54:05,47.9667,24.0,68.63,92,0,3.24
339,Westport,US,2021-07-29 21:54:05,41.1415,-73.3579,76.08,93,100,1.01
340,Naze,JP,2021-07-29 21:52:02,28.3667,129.4833,76.12,84,2,3.2
341,El Adelanto,GT,2021-07-29 21:54:05,14.1667,-89.8333,76.6,82,96,2.68
342,Pisco,PE,2021-07-29 21:52:30,-13.7,-76.2167,64.45,82,75,10.36
343,Rundu,NA,2021-07-29 21:54:06,-17.9333,19.7667,53.22,34,64,6.67
344,Saint George,US,2021-07-29 21:54:06,37.1041,-113.5841,103.62,22,1,1.01
345,Ribeira Grande,PT,2021-07-29 21:54:06,38.5167,-28.7,71.01,86,5,11.03
346,Sharan,RU,2021-07-29 21:54:07,54.8167,54.0,63.95,72,100,7.87
347,College,US,2021-07-29 21:52:57,64.8569,-147.8028,67.21,65,90,5.75
348,Kyaka,TZ,2021-07-29 21:54:07,-1.2522,31.4203,66.02,72,52,3.04
349,Olinda,BR,2021-07-29 21:54:07,-8.0089,-34.8553,76.73,73,0,6.91
350,Uusikaupunki,FI,2021-07-29 21:54:08,60.8004,21.4084,64.92,71,1,7.96
351,Saquarema,BR,2021-07-29 21:54:08,-22.92,-42.5103,69.94,60,71,16.42
352,Placido De Castro,BR,2021-07-29 21:54:09,-10.3353,-67.1856,75.22,26,4,5.59
353,Lucea,JM,2021-07-29 21:54:09,18.451,-78.1736,85.86,77,77,3.2
354,Pipri,IN,2021-07-29 21:54:09,19.8,75.5333,73.98,88,75,5.75
355,East London,ZA,2021-07-29 21:54:09,-33.0153,27.9116,59.11,71,2,9.1
356,Codrington,AU,2021-07-29 21:53:10,-38.2667,141.9667,48.52,55,44,23.06
357,Porbandar,IN,2021-07-29 21:54:10,21.6422,69.6093,81.66,84,99,24.36
358,Manaus,BR,2021-07-29 21:54:10,-3.1019,-60.025,91.89,52,20,2.3
359,Zhigansk,RU,2021-07-29 21:54:11,66.7697,123.3711,61.36,47,7,6.17
360,Krasnoselkup,RU,2021-07-29 21:54:11,65.7,82.4667,51.55,93,70,9.13
361,Remiremont,FR,2021-07-29 21:54:11,48.0175,6.5882,61.86,91,85,3.44
362,Moorhead,US,2021-07-29 21:54:12,46.8739,-96.7676,82.36,28,90,11.5
363,Bull Savanna,JM,2021-07-29 21:53:04,17.8868,-77.5902,81.61,70,61,16.46
364,Yermakovskoye,RU,2021-07-29 21:54:12,53.2831,92.4003,49.35,89,91,4.27
365,Kaohsiung,TW,2021-07-29 21:54:12,22.6163,120.3133,80.55,96,75,1.99
366,Praia Da Vitoria,PT,2021-07-29 21:54:13,38.7333,-27.0667,74.75,88,20,9.8
367,Revadanda,IN,2021-07-29 21:54:13,18.5503,72.9278,82.4,88,99,13.69
368,Libreville,GA,2021-07-29 21:52:04,0.3925,9.4537,78.82,83,40,8.05
369,Iskateley,RU,2021-07-29 21:54:14,67.6803,53.1512,42.89,88,90,2.89
370,Torbay,CA,2021-07-29 21:52:47,47.6666,-52.7314,68.77,58,20,19.57
371,San Carlos De Bariloche,AR,2021-07-29 21:54:14,-41.1456,-71.3082,49.75,54,0,6.91
372,Russell,US,2021-07-29 21:54:14,32.3502,-85.1999,94.78,48,1,4.61
373,La Peca,PE,2021-07-29 21:54:15,-5.6111,-78.435,74.17,72,51,5.39
374,Pangnirtung,CA,2021-07-29 21:54:15,66.1451,-65.7125,51.8,76,20,13.8
375,Neiafu,TO,2021-07-29 21:53:00,-18.65,-173.9833,79.48,73,20,11.5
376,Ambilobe,MG,2021-07-29 21:53:44,-13.2,49.05,64.53,91,3,3.65
377,Lloydminster,CA,2021-07-29 21:54:15,53.2835,-110.0016,78.48,68,90,6.91
378,Tevaitoa,PF,2021-07-29 21:54:16,-16.7833,-151.5,78.3,75,68,12.44
379,Mandiana,GN,2021-07-29 21:54:16,10.6333,-8.6833,71.94,90,88,4.83
380,Kahului,US,2021-07-29 21:54:16,20.8947,-156.47,85.26,85,31,5.01
381,Three Hills,CA,2021-07-29 21:50:02,51.7001,-113.2686,91.89,42,7,12.66
382,Majene,ID,2021-07-29 21:54:17,-3.5403,118.9707,76.96,89,100,7.0
383,Saint Anthony,US,2021-07-29 21:54:17,45.0205,-93.218,82.45,41,40,9.22
384,San Rafael,AR,2021-07-29 21:54:17,-34.6177,-68.3301,54.46,27,0,13.87
385,Flinders,AU,2021-07-29 21:54:17,-34.5833,150.8552,50.05,73,0,1.01
386,Xichang,CN,2021-07-29 21:54:18,27.8964,102.2634,66.92,94,100,2.71
387,Hobyo,SO,2021-07-29 21:54:18,5.3505,48.5268,76.26,80,98,24.61
388,Srednekolymsk,RU,2021-07-29 21:54:10,67.45,153.6833,42.31,65,23,9.13
389,Beringovskiy,RU,2021-07-29 21:54:19,63.05,179.3167,42.57,86,85,13.65
390,Glendive,US,2021-07-29 21:54:19,47.1053,-104.7125,80.96,48,1,20.71
391,Manado,ID,2021-07-29 21:54:19,1.487,124.8455,74.17,94,20,0.0
392,Aras,ES,2021-07-29 21:54:20,42.5617,-2.356,68.41,68,0,17.27
393,Villaviciosa,ES,2021-07-29 21:54:20,43.4813,-5.4357,64.02,93,12,3.31
394,Hikari,JP,2021-07-29 21:54:20,33.955,131.95,78.58,83,35,3.27
395,Chapais,CA,2021-07-29 21:54:20,49.7834,-74.8492,60.58,91,78,12.08
396,Haines Junction,CA,2021-07-29 21:54:21,60.7522,-137.5108,64.35,48,20,4.61
397,Boulogne-Sur-Mer,FR,2021-07-29 21:54:21,50.75,1.8333,59.79,85,76,5.93
398,Ust-Ilimsk,RU,2021-07-29 21:54:22,58.0006,102.6619,59.74,96,93,3.02
399,Faya,SA,2021-07-29 21:54:22,18.3851,42.4509,69.91,63,62,1.32
400,Deputatskiy,RU,2021-07-29 21:54:22,69.3,139.9,47.82,57,90,3.58
401,Charters Towers,AU,2021-07-29 21:54:22,-20.1,146.2667,66.79,44,36,6.11
402,Dicabisagan,PH,2021-07-29 21:52:28,17.0818,122.4157,81.1,77,99,3.53
403,Tres Arroyos,AR,2021-07-29 21:54:23,-38.3739,-60.2798,48.04,53,0,9.46
404,Husavik,IS,2021-07-29 21:54:23,66.0449,-17.3389,53.51,94,94,3.38
405,Balkanabat,TM,2021-07-29 21:54:23,39.5108,54.3671,83.59,40,31,5.7
406,Kadyy,RU,2021-07-29 21:54:24,57.787,43.1903,60.21,98,72,4.59
407,Olutanga,PH,2021-07-29 21:54:24,7.3106,122.8464,83.32,77,55,4.94
408,Rio Gallegos,AR,2021-07-29 21:51:34,-51.6226,-69.2181,48.25,49,0,11.5
409,Talnakh,RU,2021-07-29 21:52:52,69.4865,88.3972,59.34,80,99,3.09
410,Ancud,CL,2021-07-29 21:54:24,-41.8697,-73.8203,47.73,90,85,8.19
411,Mangai,CD,2021-07-29 21:54:25,-4.05,19.5333,74.53,30,44,0.96
412,Port-Gentil,GA,2021-07-29 21:54:25,-0.7193,8.7815,76.96,83,20,11.5
413,Provideniya,RU,2021-07-29 21:54:25,64.3833,-173.3,50.11,87,40,11.18
414,Ketchikan,US,2021-07-29 21:54:26,55.3422,-131.6461,65.08,82,83,1.72
415,Portland,US,2021-07-29 21:53:03,45.5234,-122.6762,98.98,27,0,3.0
416,Iquitos,PE,2021-07-29 21:54:26,-3.7481,-73.2472,73.44,83,90,8.05
417,Marsa Matruh,EG,2021-07-29 21:54:26,31.3525,27.2453,80.8,78,0,10.36
418,Ixtapa,MX,2021-07-29 21:54:27,20.7,-105.2,89.22,73,17,3.0
419,Palpa,PE,2021-07-29 21:54:27,-14.5336,-75.1856,77.36,43,1,8.05
420,Aquiraz,BR,2021-07-29 21:54:27,-3.9014,-38.3911,80.69,86,72,9.53
421,Candido Mendes,BR,2021-07-29 21:54:27,-1.4467,-45.7167,75.97,94,62,4.43
422,Laramie,US,2021-07-29 21:54:28,41.3114,-105.5911,83.95,45,9,5.99
423,Haicheng,CN,2021-07-29 21:54:28,40.8516,122.7475,75.02,87,100,6.98
424,Rocha,UY,2021-07-29 21:53:21,-34.4833,-54.3333,41.72,80,14,4.52
425,Tilichiki,RU,2021-07-29 21:54:28,60.4667,166.1,53.55,49,13,7.45
426,Ziro,IN,2021-07-29 21:54:29,27.6333,93.8333,59.59,98,100,1.36
427,Anqing,CN,2021-07-29 21:54:29,30.5092,117.0506,76.8,91,1,2.46
428,Mayo,US,2021-07-29 21:54:29,38.8876,-76.5119,84.18,86,100,7.27
429,Bojnurd,IR,2021-07-29 21:54:30,37.4747,57.329,66.15,88,75,9.22
430,Havre-Saint-Pierre,CA,2021-07-29 21:54:02,50.2334,-63.5986,62.96,67,20,10.36
431,Dickinson,US,2021-07-29 21:54:30,29.4608,-95.0513,97.18,65,36,4.0
432,Xifeng,CN,2021-07-29 21:54:30,42.7372,124.7222,72.01,91,100,2.91
433,Naron,ES,2021-07-29 21:54:31,43.5167,-8.1528,65.01,88,14,5.35
434,Carnarvon,AU,2021-07-29 21:52:16,-24.8667,113.6333,64.47,79,40,10.36
435,Caravelas,BR,2021-07-29 21:54:31,-17.7125,-39.2481,70.77,77,100,16.64
436,Salekhard,RU,2021-07-29 21:54:31,66.53,66.6019,49.53,95,100,12.03
437,Shestakovo,RU,2021-07-29 21:54:32,56.4915,103.96,60.94,95,100,4.88
438,Mount Gambier,AU,2021-07-29 21:54:32,-37.8333,140.7667,49.91,57,90,17.27
439,Santiago De Cao,PE,2021-07-29 21:54:32,-7.9589,-79.2392,64.53,88,90,6.91
440,Brae,GB,2021-07-29 21:54:33,60.3964,-1.353,55.31,90,100,12.5
441,Mabaruma,GY,2021-07-29 21:54:33,8.2,-59.7833,80.6,89,40,6.91
442,Port Keats,AU,2021-07-29 21:54:33,-14.25,129.55,71.71,90,4,1.34
443,Oksfjord,NO,2021-07-29 21:54:34,70.2396,22.3479,51.87,81,99,6.53
444,Raudeberg,NO,2021-07-29 21:54:34,61.9875,5.1352,61.47,94,99,3.04
445,Bilma,NE,2021-07-29 21:54:34,18.6853,12.9164,97.7,22,5,8.72
446,Sucua,EC,2021-07-29 21:54:34,-2.4667,-78.1667,75.94,78,40,4.61
447,Taoudenni,ML,2021-07-29 21:54:35,22.6783,-3.9836,97.99,27,38,9.26
448,Timiryazevskiy,RU,2021-07-29 21:54:35,56.49,84.8769,58.15,94,100,2.37
449,Oistins,BB,2021-07-29 21:54:35,13.0667,-59.5333,84.29,70,40,13.8
450,Adrar,MR,2021-07-29 21:54:36,20.5022,-10.0711,91.53,30,23,17.05
451,Aksay,RU,2021-07-29 21:54:36,47.26,39.87,73.62,46,30,5.99
452,Rawson,AR,2021-07-29 21:51:49,-43.3002,-65.1023,55.31,48,43,17.07
453,Houma,US,2021-07-29 21:54:36,29.5958,-90.7195,92.98,77,66,7.63
454,Leh,IN,2021-07-29 21:54:37,34.1667,77.5833,62.98,61,72,4.92
455,Tonantins,BR,2021-07-29 21:54:37,-2.8731,-67.8022,81.09,69,63,2.04
456,Pinheiro,BR,2021-07-29 21:54:37,-2.5214,-45.0825,78.1,78,20,4.81
457,Batagay-Alyta,RU,2021-07-29 21:54:38,67.8006,130.4114,56.86,41,7,1.9
458,Puerto Carreno,CO,2021-07-29 21:54:38,6.189,-67.4859,83.41,73,43,2.71
459,Atambua,ID,2021-07-29 21:54:38,-9.1061,124.8925,68.68,85,36,4.27
460,Klaksvik,FO,2021-07-29 21:54:12,62.2266,-6.589,52.72,96,100,14.41
461,Cerqueira Cesar,BR,2021-07-29 21:54:39,-23.0356,-49.1661,43.7,35,38,5.86
462,Catamarca,AR,2021-07-29 21:54:39,-28.4696,-65.7852,56.59,38,0,8.5
463,Torbat-E Jam,IR,2021-07-29 21:54:39,35.244,60.6225,70.79,54,0,25.64
464,Puerto Leguizamo,CO,2021-07-29 21:54:40,-0.1934,-74.7819,77.22,94,73,2.26
465,Bryukhovetskaya,RU,2021-07-29 21:54:40,45.806,38.9996,73.0,46,2,4.32
466,Chudovo,RU,2021-07-29 21:54:41,59.1167,31.6833,60.8,94,23,5.59
467,Portobelo,PA,2021-07-29 21:54:41,9.55,-79.65,80.49,81,80,7.23
468,Fort Nelson,CA,2021-07-29 21:54:24,58.8053,-122.7002,76.59,29,20,8.05
469,Ranong,TH,2021-07-29 21:54:41,9.9658,98.6348,79.27,85,100,11.1
470,Marystown,CA,2021-07-29 21:53:37,47.1666,-55.1483,64.85,100,0,11.99
471,Lar,IN,2021-07-29 21:54:42,26.2039,83.9717,81.99,85,100,8.14
472,Mokhsogollokh,RU,2021-07-29 21:54:42,61.4681,128.9203,55.96,53,0,7.14
473,Oregon City,US,2021-07-29 21:54:43,45.3573,-122.6068,99.0,26,0,1.99
474,Solnechnyy,RU,2021-07-29 21:52:10,50.7214,136.6319,63.0,95,97,6.96
475,Marawi,PH,2021-07-29 21:54:43,7.9986,124.2928,71.65,79,92,4.09
476,Clyde River,CA,2021-07-29 21:53:18,70.4692,-68.5914,41.23,93,75,13.8
477,Nanchong,CN,2021-07-29 21:54:43,30.7951,106.0847,79.45,82,8,0.36
478,Penzance,GB,2021-07-29 21:54:44,50.1186,-5.5371,61.81,88,88,38.48
479,Havelock,US,2021-07-29 21:54:44,34.8791,-76.9013,88.99,81,11,8.01
480,Baft,IR,2021-07-29 21:54:44,29.234,56.6057,73.85,19,92,6.46
481,Pemangkat,ID,2021-07-29 21:54:45,1.1667,108.9667,79.39,89,100,8.72
482,Cap Malheureux,MU,2021-07-29 21:54:45,-19.9842,57.6142,68.49,79,41,10.0
483,Vilyuysk,RU,2021-07-29 21:53:15,63.7553,121.6247,60.13,51,53,1.45
484,Trairi,BR,2021-07-29 21:51:24,-3.2778,-39.2689,78.08,85,67,7.61
485,Gogrial,SS,2021-07-29 21:54:45,8.5332,28.1004,75.43,85,100,4.88
486,Sinnamary,GF,2021-07-29 21:54:46,5.3833,-52.95,79.09,81,0,6.24
487,Guaruja,BR,2021-07-29 21:54:46,-23.9931,-46.2564,58.6,40,40,3.44
488,Safonovo,RU,2021-07-29 21:54:46,55.15,33.2167,62.53,97,100,4.97
489,Roma,US,2021-07-29 21:54:46,43.2128,-75.4557,72.41,93,90,10.36
490,Tekkali,IN,2021-07-29 21:54:47,18.6167,84.2333,77.56,80,100,5.46
491,Gorele,TR,2021-07-29 21:54:47,41.0308,39.0031,74.64,78,1,8.08
492,Los Banos,PH,2021-07-29 21:54:47,14.1667,121.1833,79.63,85,99,4.41
493,Saint-Louis,SN,2021-07-29 21:54:48,16.3333,-15.0,89.24,55,95,9.84
494,Porto Nacional,BR,2021-07-29 21:54:48,-10.7081,-48.4172,86.0,26,2,3.78
495,Leirvik,NO,2021-07-29 21:54:48,59.7798,5.5005,62.71,85,100,4.21
496,Avinurme,EE,2021-07-29 21:54:49,58.9822,26.8642,63.9,78,43,8.32
497,Ayan,RU,2021-07-29 21:54:49,56.45,138.1667,53.87,92,100,28.48
498,Caibarien,CU,2021-07-29 21:54:49,22.5206,-79.4669,84.65,72,8,13.22
499,Cabra,ES,2021-07-29 21:54:50,37.4725,-4.4421,85.89,48,0,6.69
500,Bay Roberts,CA,2021-07-29 21:54:50,47.5999,-53.2648,69.55,59,0,5.01
501,Sydney,AU,2021-07-29 21:51:56,-33.8679,151.2073,48.63,75,0,5.75
502,Sisimiut,GL,2021-07-29 21:54:50,66.9395,-53.6735,51.4,65,89,4.0
503,Ballina,AU,2021-07-29 21:54:50,-28.8667,153.5667,48.78,87,40,0.0
504,Tammisaari,FI,2021-07-29 21:54:51,59.9736,23.4339,65.89,76,6,14.7
505,Mount Darwin,ZW,2021-07-29 21:54:51,-16.7725,31.5838,51.35,63,63,2.95
506,Kautokeino,NO,2021-07-29 21:54:51,69.0125,23.0412,46.99,69,100,10.56
507,Nola,IT,2021-07-29 21:54:52,40.922,14.5329,85.15,33,0,1.86
508,Marana,US,2021-07-29 21:54:52,32.4367,-111.2254,102.25,31,1,0.0
509,Springdale,US,2021-07-29 21:50:45,36.1867,-94.1288,95.58,55,1,5.01
510,Washougal,US,2021-07-29 21:51:22,45.5826,-122.3534,100.38,29,1,6.91
511,Ecully,FR,2021-07-29 21:54:53,45.7773,4.7748,72.82,73,0,3.44
512,Isiro,CD,2021-07-29 21:54:53,2.7739,27.616,63.86,98,77,1.7
513,Buique,BR,2021-07-29 21:54:53,-8.6231,-37.1558,67.91,64,34,6.78
514,Yulara,AU,2021-07-29 21:54:53,-25.2406,130.9889,53.44,66,0,5.75
515,Padang,ID,2021-07-29 21:53:26,-0.9492,100.3543,69.85,80,100,2.89
516,Muyezerskiy,RU,2021-07-29 21:54:54,63.9333,31.65,57.38,90,100,6.73
517,Braunau,CZ,2021-07-29 21:54:54,50.5857,16.3318,62.42,83,3,3.15
518,San Quintin,MX,2021-07-29 21:54:54,30.4833,-115.95,76.5,66,1,17.0
519,Sao Filipe,CV,2021-07-29 21:54:55,14.8961,-24.4956,75.87,77,95,7.9
520,Bitung,ID,2021-07-29 21:54:15,1.4451,125.1824,74.25,83,17,7.99
521,Aktau,KZ,2021-07-29 21:54:55,43.65,51.2,70.38,33,34,8.59
522,Alice Springs,AU,2021-07-29 21:53:53,-23.7,133.8833,58.55,41,0,0.0
523,Jaisinghnagar,IN,2021-07-29 21:54:56,23.7,81.3833,73.9,93,100,9.31
524,Ashland,US,2021-07-29 21:52:40,40.8167,-82.2665,84.07,80,8,11.88
525,Poya,NC,2021-07-29 21:54:56,-21.35,165.15,74.25,54,32,4.76
526,Jining,CN,2021-07-29 21:54:56,35.405,116.5814,68.02,97,69,6.71
527,Leningradskiy,RU,2021-07-29 21:54:57,69.3833,178.4167,32.67,98,100,19.24
528,Wichita Falls,US,2021-07-29 21:51:51,33.9137,-98.4934,99.66,37,1,8.99
529,Nouadhibou,MR,2021-07-29 21:54:57,20.931,-17.0347,69.78,88,100,18.41
530,Koungou,YT,2021-07-29 21:54:57,-12.7336,45.2042,76.71,73,0,14.97
531,Tarko-Sale,RU,2021-07-29 21:54:58,64.9225,77.785,50.68,87,93,14.07
532,Kantabanji,IN,2021-07-29 21:54:58,20.4833,82.9167,74.97,84,100,9.42
533,Tokmak,UA,2021-07-29 21:54:58,47.2514,35.7058,70.77,84,100,9.13
534,Noyabrsk,RU,2021-07-29 21:54:59,63.1994,75.4507,43.66,85,52,9.73
535,Lethem,GY,2021-07-29 21:54:59,3.3803,-59.7968,82.45,74,40,13.8
536,Fenyi,CN,2021-07-29 21:54:59,27.8112,114.6681,75.49,97,14,1.99
537,Pagouria,GR,2021-07-29 21:54:59,41.0291,25.3184,81.64,46,1,3.87
538,Grindavik,IS,2021-07-29 21:55:00,63.8424,-22.4338,60.75,82,0,4.61
539,Paracuru,BR,2021-07-29 21:55:00,-3.41,-39.0306,80.62,84,65,10.65
540,Tual,ID,2021-07-29 21:52:51,-5.6667,132.75,81.16,81,92,13.62
541,Dubbo,AU,2021-07-29 21:50:07,-32.25,148.6167,30.33,100,0,9.22
542,Alekseyevsk,RU,2021-07-29 21:55:01,57.8406,108.3492,59.09,72,4,4.54
543,Lehututu,BW,2021-07-29 21:55:01,-23.9667,21.8667,52.36,30,0,7.78
544,Verkh-Usugli,RU,2021-07-29 21:55:01,52.7,115.1667,56.32,92,83,4.52
545,Miyazu,JP,2021-07-29 21:55:02,35.5333,135.1833,75.11,87,19,3.29
546,Sandviken,SE,2021-07-29 21:55:02,60.6167,16.7667,56.43,92,67,7.0
547,Boueni,YT,2021-07-29 21:55:02,-12.9025,45.0761,76.98,71,2,15.35
548,Poso,ID,2021-07-29 21:55:03,-1.3959,120.7524,78.19,79,99,3.02
549,Kawambwa,ZM,2021-07-29 21:55:03,-9.7915,29.0791,59.05,42,0,5.48
550,Mwinilunga,ZM,2021-07-29 21:55:04,-11.7358,24.4293,55.76,39,0,4.56
551,Baghdad,IQ,2021-07-29 21:55:04,33.3406,44.4009,94.91,26,0,10.36
552,Sola,VU,2021-07-29 21:52:26,-13.8833,167.55,77.67,100,75,0.0
553,Tanete,ID,2021-07-29 21:55:05,-3.9443,119.7848,74.3,94,97,4.0
554,Meadow Lake,US,2021-07-29 21:55:05,34.8014,-106.5436,92.68,25,67,19.42
555,Isangel,VU,2021-07-29 21:53:54,-19.55,169.2667,71.71,94,29,3.44
556,Diapaga,BF,2021-07-29 21:55:05,12.0708,1.7889,75.4,86,99,6.67
557,Irbeyskoye,RU,2021-07-29 21:55:06,55.6428,95.4522,49.06,93,51,2.82
558,Salinas,US,2021-07-29 21:55:06,36.6777,-121.6555,94.01,57,27,9.1
559,Uvinza,TZ,2021-07-29 21:55:06,-5.1036,30.3911,68.34,51,2,1.61
560,Seguin,US,2021-07-29 21:55:07,29.5688,-97.9647,96.48,61,75,4.0
561,Khandbari,NP,2021-07-29 21:55:07,27.3747,87.2039,73.72,94,100,1.21
562,Narsaq,GL,2021-07-29 21:55:07,60.9167,-46.05,46.51,82,72,2.77
563,Mogadouro,PT,2021-07-29 21:55:07,41.3403,-6.7119,68.79,34,0,7.11
564,Ewo,CG,2021-07-29 21:55:08,-0.8725,14.8206,82.81,39,57,3.2
565,La Rioja,ES,2021-07-29 21:55:08,42.25,-2.5,64.18,79,32,3.42
566,Atlantic Beach,US,2021-07-29 21:55:08,30.3344,-81.3987,90.99,75,64,3.0
567,Aksarka,RU,2021-07-29 21:55:09,66.5606,67.7975,48.11,96,100,21.03
568,Maldonado,UY,2021-07-29 21:52:00,-34.6667,-54.9167,47.23,79,13,5.7
569,Kichmengskiy Gorodok,RU,2021-07-29 21:55:09,59.9816,45.7854,60.13,99,100,5.99
570,Varzea Da Palma,BR,2021-07-29 21:55:10,-17.5981,-44.7308,67.01,32,2,4.94
571,Tarauaca,BR,2021-07-29 21:55:10,-8.1614,-70.7656,76.93,44,1,3.2
572,Sabha,LY,2021-07-29 21:55:10,27.0377,14.4283,84.49,17,0,8.86
